fullName	shortName	oneLetterCode	sideChainClass	sideChainPolarity	sideChainCharge	Hidropathy	Absornace	at	MW	Occurence
Alanine	Ala	A	aliphatic	nonpolar	neutral	1.8			89.094	8.76
Arginine	Arg	R	basic	basic polar	positive	−4.5			174.203	5.78
Asparagine	Asn	N	amide	polar	neutral	−3.5			132.119	3.93
Aspartic acid	Asp	D	acid	acidic polar	negative	−3.5			133.104	5.49
Cysteine	Cys	C	sulfur-containing	nonpolar	neutral	2.5	250	0.3	121.154	1.38
Glutamic acid	Glu	E	acid	acidic polar	negative	−3.5			147.131	6.32
Glutamine	Gln	Q	amide	polar	neutral	−3.5			146.146	3.9
Glycine	Gly	G	aliphatic	nonpolar	neutral	−0.4			75.067	7.03
Histidine	His	H	basic aromatic	basic polar	neutral	−3.2	211	5.9	155.156	2.26
Isoleucine	Ile	I	aliphatic	nonpolar	neutral	4.5			131.175	5.49
Leucine	Leu	L	aliphatic	nonpolar	neutral	3.8			131.175	9.68
Lysine	Lys	K	basic	basic polar	positive	−3.9			146.189	5.19
Methionine	Met	M	sulfur-containing	nonpolar	neutral	1.9			149.208	2.32
Phenylalanine	Phe	F	aromatic	nonpolar	neutral	2.8	257, 206, 188	0.2, 9.3, 60.0	165.192	3.87
Proline	Pro	P	cyclic	nonpolar	neutral	−1.6			115.132	5.02
Serine	Ser	S	hydroxyl-containing	polar	neutral	−0.8			105.093	7.14
Threonine	Thr	T	hydroxyl-containing	polar	neutral	−0.7			119.119	5.53
Tryptophan	Trp	W	aromatic	nonpolar	neutral	−0.9	280, 219	5.6, 47.0	204.228	1.25
Tyrosine	Tyr	Y	aromatic	polar	neutral	−1.3	274, 222, 193	1.4, 8.0, 48.0	181.191	2.91
Valine	Val	V	aliphatic	nonpolar	neutral	4.2			117.148	6.73
Selenocysteine	Sec	U	168.064
Pyrrolysine	Pyl	O	255.313